title,published date,url,publisher,publisher_title,ticker
BullishBanter(@bullish_banter)'s insights - Binance,2025-05-29 16:09:27+00:00,https://news.google.com/rss/articles/CBMiY0FVX3lxTFBoNUhycE9aRk9CVzBfLVRlZHI1N2NkU0hkRnNPMGtfZVh0Tm5rMzg5b2Y0VmN5YktmZ0VTQ3FnOTh3YlBBeGFQMkg2Tkp3QXlOVXhMRnZMS0I0VTltemRTSkc5UQ?oc=5&hl=en-US&gl=US&ceid=US:en,"{'href': 'https://www.binance.com', 'title': 'Binance'}",Binance,BTCUSDT
Here‚Äôs what happened in crypto today - TradingView,2025-05-29 14:11:15+00:00,https://news.google.com/rss/articles/CBMiogFBVV95cUxQVzdXc1RCdGlrNDJha3Q3b1lXUlBtMkVEbjBVREpvVlVBUDZHcTJTNHZDNF80T0loOUJTaXBVYnlocHhNc05ZTjQ0RUdMZ0lWRTFUWmFLRDE3X3BhWm9DaTA2NktBTko3LUpudzJEZVRRbk1DdE9YSGhyWGlsbDFUbUM2UlFucGd5ODRZdXdyNnF4RDNtR1JtMGFpcTJSRUhCM0E?oc=5&hl=en-US&gl=US&ceid=US:en,"{'href': 'https://www.tradingview.com', 'title': 'TradingView'}",TradingView,BTCUSDT
Jetking Infotrain raises Rs 6.1 crore via preferential issue to purchase Bitcoin - TradingView,2025-05-29 12:09:24+00:00,https://news.google.com/rss/articles/CBMi2wFBVV95cUxNa0N4OEFxUE9xR185QWEwZ0RWVzY0NGNQaTgtNFMyMThidWJQTG5kTmpiV3YxeVRUSUNqT204TElRRl9maGlrR1JBS0pDOGprUnlkcmxCYUJwdU5LN1dQOVY4VEEyQVZqOXFUdUVOeXZ1bXlJaG1BeERaNzJqUWRickNhRUN5VE1lQWJVNGZXRUFrTmkzUWV2VEZDUW9wUUxVVVdDNk9uS0dxN1NSanFtSXk4NmRWenh5Uy1QSmxGZVRlOUZ5SktQTnNRNkhUXzdSM2paNTloMlpvY2s?oc=5&hl=en-US&gl=US&ceid=US:en,"{'href': 'https://www.tradingview.com', 'title': 'TradingView'}",TradingView,BTCUSDT
"Ethereum Poised For Breakout As $2,750 Resistance Holds Strong - TronWeekly",2025-05-29 10:00:00+00:00,https://news.google.com/rss/articles/CBMif0FVX3lxTE5CTmxFLWtmYzVmcEVtSWNfWjVCMVJ5dXpJQmdZNGxJN1hZbXc1WGNnd0FCanBtX2Z5X3lQYUJka0p2VEVSNDF1c0ZOSlN2V2ZGVXBlaGNXM3ZDVmIyODZ3eU9HdVBQdmgzRkdvQjI0el9feEVEX0VFY19JUzhjX0E?oc=5&hl=en-US&gl=US&ceid=US:en,"{'href': 'https://www.tronweekly.com', 'title': 'TronWeekly'}",TronWeekly,ETHUSDT
Amir Rajpoot BnB(@Amir-Rajpoot-BnB)'s insights - Binance,2025-05-29 09:22:33+00:00,https://news.google.com/rss/articles/CBMiY0FVX3lxTE1qRXVrN0xiSjRVUGRoQjBQNGU5cmdwNmJiVFAzOVpQVnowMzBKWFN5dTVUd1NiVmRHMmtXTjdmdlVHTFpDNGFnRVQ4RGVIRXF3eGdNNzBaMWtIRmxraS1ZLWRiQQ?oc=5&hl=en-US&gl=US&ceid=US:en,"{'href': 'https://www.binance.com', 'title': 'Binance'}",Binance,BTCUSDT
"Bitcoin $106,800 Support Retest To Determine Next Move ‚Äì Breakout Or Breakdown Ahead? - TradingView",2025-05-29 08:00:05+00:00,https://news.google.com/rss/articles/CBMi1gFBVV95cUxPOVhxYzhFR3BZWHdGak1obWV1LVNlMzRyNG1GcWlQeGY4R0tsLU9zQmtIX1BoZ2JKdmlNT1JDaC1tcWhGWldCR3V4aUo5MjRhM29RVmJtWHFYTkpfUGFrWW1McjdjaVRzaTkxSnhKdnRPRFp2V1NmVDNSell0aHVuTzk2bEE4N0MwNkJsMldFY2JfMmZNQ1N6dWROcWZIcVhKOHdTNkRjdnF1SXdVNjJwNEV1bmkyTFpHNFV6YXFHN0dqYlFORmNNbFZzWVBWSmhnSFExYVJn?oc=5&hl=en-US&gl=US&ceid=US:en,"{'href': 'https://www.tradingview.com', 'title': 'TradingView'}",TradingView,BTCUSDT
@Marwan810 - Binance,2025-05-29 07:14:39+00:00,https://news.google.com/rss/articles/CBMiY0FVX3lxTE1mVm4zdEQxamViWnAxN0RYRjlLU2VmYk1aSWtlVWoxWEhONDF6aTlaamRpRmNOUElJZ2FRdkFWSnNxU0wxZjBHYkNxVFhFcFk2UWY2YXBxNWxwb0ZMcVlMdFZmaw?oc=5&hl=en-US&gl=US&ceid=US:en,"{'href': 'https://www.binance.com', 'title': 'Binance'}",Binance,ETHUSDT
Ethereum Market Outlook: Technical Indicators Signal Possible Continuation of Uptrend - TradingView,2025-05-29 07:00:03+00:00,https://news.google.com/rss/articles/CBMi2gFBVV95cUxOS2Rmb2M2R190MnBKeXllMjBVM0ctR0tRb0lSY0xISlNOSmRWQUhqb1lWUlRFdUhjTmZDOXd0enFHTmV1RWljcnpQdkh6bUo2QW9UMDM3RjJEdnF0bnVEN3JkTU9RMG9EUFAwR2kycmowREdKaVZXczdMNXN4X1FNNHVCQUllaElfZUluemlYWnNMX3Yta2dubEtqMkdYejdpcXNWSXRTTFg2VHFYNTdNbFdlZ3dQd29CZ3FLNnJDcXk1UVNkamhiQ2ZSUERhdGdMc1pvc1J0UDR2Zw?oc=5&hl=en-US&gl=US&ceid=US:en,"{'href': 'https://www.tradingview.com', 'title': 'TradingView'}",TradingView,ETHUSDT
"Bitcoin Up 15% in a Month, Analyst Cautions on MVRV Resistance Level - TradingView",2025-05-29 06:00:00+00:00,https://news.google.com/rss/articles/CBMiwgFBVV95cUxQdTFSUEY3aFpjVnhyNS1POHFtd2Q3aXkwODRzQWpZY2JmaENXV3JuSVdNNE42Q2EySTBEdHdHZGprYlNwVTgtZTI4MkloQ3k5NVcwRjlma3JzTFBJLVRYdVJVUTdpdTZlZXRLMzhPZFZUS1lDckMzaUdqc3JoLWhhX2RhOUhRTS1keFQtTTY3aW9jcmtQN0FGQ09Yd0dQYlhQSWdCQTlNdUxvZC1NU3UyRTVmS0laaHc1OTd1bmJDSTdHdw?oc=5&hl=en-US&gl=US&ceid=US:en,"{'href': 'https://www.tradingview.com', 'title': 'TradingView'}",TradingView,BTCUSDT
"Mezo mainnet debuts with 1% BTC loans, MUSD stablecoin, and yield vaults - Bybit Learn",2025-05-29 05:46:11+00:00,https://news.google.com/rss/articles/CBMipwFBVV95cUxQX3UtRFpJVWdpRWVRVjRWQ2d5ckpiam5UWGJRTE52a3VuUnBEaVgzSldzY2pRdlZ5SFJPN3lHNWRBa04yQWJISFFUSnc5d0FhVDJ1MUFLQ25PN2hNY1c3S3IteVY3S3d0VndSWlo4UTItb2FGZjVyZERKWDFlWWM3QXhvZDM1UUZxQkJKaWN0blJlWlA5cmY1RGozZlN5Nm1xbklFcjlhOA?oc=5&hl=en-US&gl=US&ceid=US:en,"{'href': 'https://learn.bybit.com', 'title': 'Bybit Learn'}",Bybit Learn,BTCUSDT
Crypto Master 786(@Alpha_Analyst)'s insights - Binance,2025-05-29 05:30:14+00:00,https://news.google.com/rss/articles/CBMiY0FVX3lxTFBPcUNUd0lma24yX3llVFVaVlc2TC0weGlTRzFKV3oxTUZSMml6czcwbnR0eGp3bVR2QTFFV0gtLTF5bG1fS0JVNi1zVk1pQVFyS3BJM1dKMlkyMDNZR3cwY2VhMA?oc=5&hl=en-US&gl=US&ceid=US:en,"{'href': 'https://www.binance.com', 'title': 'Binance'}",Binance,ETHUSDT
Velmora(@Square-Creator-8d5718612)'s insights - Binance,2025-05-29 04:58:24+00:00,https://news.google.com/rss/articles/CBMiY0FVX3lxTE9pM3lGYVR3dnJoejF5bWxPWDZIVExiRWExeDB2cEZTT0p2dkNTYy1iQkFwbE9IQmR0d1dsb2U0a3J4aFJXYXBCeklDWERFUEN5MHI5TFp4NmxYU2J6UmVXNnh0aw?oc=5&hl=en-US&gl=US&ceid=US:en,"{'href': 'https://www.binance.com', 'title': 'Binance'}",Binance,BTCUSDT
Bitcoin Surges With Low Retail Interest ‚Äì Is A Second Wave Coming? - TradingView,2025-05-29 04:00:00+00:00,https://news.google.com/rss/articles/CBMivgFBVV95cUxQVDltZ2xQM3RWTjk0ZS03VkZNeGhhcTZFOWthcGVINWI4NWhCVnYzVE5vMl9HQ0xUM2xnb2VzaDhUUGd0Nm1NTHR6ZmV6Y0tJdmxVYXB4Zmw0blZGelg1ZzdRWlM5UWY2YTVRVzhWMkhQRHU4am1KN0k0dnpBWmVVeU95dGRMVF95S014OENZSEwtdTFURlR2T2h6S1FFTjZPX051d3NhR2E0OXMtMkZpWHc1bmxqZll1RDNDM2V3?oc=5&hl=en-US&gl=US&ceid=US:en,"{'href': 'https://www.tradingview.com', 'title': 'TradingView'}",TradingView,BTCUSDT
ETHUSDT Bullish Structure Intact: Higher Highs Continueüí•üöÄ - Binance,2025-05-29 03:13:12+00:00,https://news.google.com/rss/articles/CBMiY0FVX3lxTE1xcl9pSHFpMU9KUlBsSUZyQ0UtTWdEX1ZQb3lza2pUb2JXOHNLOHV0em5OYWVNLWZoLUhNYm02OWhkQVI1ZEVoX2JlNTBwaGdjTkZBWUI3TDNhNTh0aDk5dmFqRQ?oc=5&hl=en-US&gl=US&ceid=US:en,"{'href': 'https://www.binance.com', 'title': 'Binance'}",Binance,ETHUSDT
Bitcoin's Bearish Potential Explained Using Candlestick Readingüîªüìâ‚¨áÔ∏è - Binance,2025-05-29 03:11:33+00:00,https://news.google.com/rss/articles/CBMiY0FVX3lxTE1ibkdEcjVraVVHMVVlZW5zN3YzR1pvcWNXUjVzUEliLWJzYmlpWmdWZVNhMUt5a0VHT05mQl84Q3l5aDIydGRZN3owcUlMdmNvNlhYa3AtZnpNN3VWVmxyRk9mZw?oc=5&hl=en-US&gl=US&ceid=US:en,"{'href': 'https://www.binance.com', 'title': 'Binance'}",Binance,BTCUSDT
Ethereum Price Flexes Strength ‚Äî Outpaces Bitcoin With Bullish Breakout - TradingView,2025-05-29 02:58:00+00:00,https://news.google.com/rss/articles/CBMixgFBVV95cUxPRXdKdk0tTGdKQlc4dFB4U3pzUHcyZHhGZy1Pc192bURnYU1YblU3VGY2UWJQR1haT2ljRm94aEV5OVAtRXNrUUpBMUdaQzFaRGk2UjVoUUg5WnZhVlB2cXluMS1aT21PZWo2QjhOb2c3S1lscU5sdDhCMHNxX1hDX1dSbGpxamZoRzVZYkdQa05Cd0RWMThJMUpRbnVLZ3RvVnU4N3QwLWZ1MzRIUm8tdUYyMmtzMVlTM182MlB4UFR3bERyWVE?oc=5&hl=en-US&gl=US&ceid=US:en,"{'href': 'https://www.tradingview.com', 'title': 'TradingView'}",TradingView,ETHUSDT
AmyLeobtcÈ¢ÑÊµãËÉúÁéá90(@amyleo839706)'s insights - Binance,2025-05-29 02:39:10+00:00,https://news.google.com/rss/articles/CBMiX0FVX3lxTFBuMzlFRGIzNVdiVXZzb2xVVEtJNHpSbjB0M2NUXzRLMkE0b1RIOVZHbkp1aGZ3enNsMFMta0hZZmxyOUxBR3gwVGx6U1RBeGdnWWlYTkJOaU93RTdyc3pZ?oc=5&hl=en-US&gl=US&ceid=US:en,"{'href': 'https://www.binance.com', 'title': 'Binance'}",Binance,ETHUSDT
Zeehan _by Crypto(@Zeehan95)'s insights - Binance,2025-05-29 01:11:37+00:00,https://news.google.com/rss/articles/CBMiZ0FVX3lxTE9RQXhZdkpLWGl3d2FneXB2MTA4X0w2R1pTbU40MnN1NkJ2T2hXMGJqSmJONjlOQWx6VDBBOWFnV21rdHc1TGN3bHZzYjB2QURacW5LbnJHRGZtMkpSNmJDb2NhVloycG8?oc=5&hl=en-US&gl=US&ceid=US:en,"{'href': 'https://www.binance.com', 'title': 'Binance'}",Binance,ETHUSDT
Altseason Loading? Analyst Explains How FTX $5B Distribution May Trigger The Next Bull Leg - TradingView,2025-05-29 00:30:00+00:00,https://news.google.com/rss/articles/CBMi3wFBVV95cUxOZEpnUzdBZ1E1R295emFabFVtN01vMGNBakxDTlBJdzJYcFY3d3luZnQ2Ymh1WTdfOURoSXNVMzBuaTM2T0x3QUNvdGl5dV9xcXMyendCdjFicENQbFRPZ180dHFmVS1MTmlNMkpXVllKUmZlY1o3NFhzTmdqY2dIWVBTWWFkd2p0UTdXTkNhX01iU1Q1ZTdSZkhoaFJQWW5UWmFOQzhVako1Z2h1UmNvVEQyeFA1Qk1FamU4dFowOWlXNHNXNkVaNE5ubkhQNU5yZS1nc0Fib3kyanQ5Nks0?oc=5&hl=en-US&gl=US&ceid=US:en,"{'href': 'https://www.tradingview.com', 'title': 'TradingView'}",TradingView,ETHUSDT
Crypto Sniper MM(@CryptoSniperMM)'s insights - Binance,2025-05-29 00:11:29+00:00,https://news.google.com/rss/articles/CBMiY0FVX3lxTE8zNTdWbEVVbzNRNlBUUHE1cjNMb1A5TXZ0OG10NWZWWXB4VExSSUV6TjVhYkZIUHBneE15V2VpelJIT0VLUld5LVhPUFlGMnc4OWdQSWdqSzN1Zy1XS1hQZGNPMA?oc=5&hl=en-US&gl=US&ceid=US:en,"{'href': 'https://www.binance.com', 'title': 'Binance'}",Binance,ETHUSDT
Dogecoin (DOGE) Price Coils Tightly ‚Äî Pattern Signals Breakout Ahead - MSN,2025-05-28 21:04:29+00:00,https://news.google.com/rss/articles/CBMiugFBVV95cUxPX3dlb3JNQjY3YnE3eEpaYi1FZXl3cERvM18wSVRoZkQwVjRLUGlwZ2sweHFHcVI1N0VjU2xpOGVKejZ3N1ctSzBmRDRuV2hYb3NBSm1KM3FHS0tmWVVIeFlyaUVjMnJ3TWEtcU1VYnpHT0twNnBQQ2l1RWRpeUEwNGJ6Vl9fZVRZYXJIeUZ5U2tSVTVCV0l2WE40S0tVOEU1Rml6NUxPSXhoSXZiRGQ4UmE5YTd1czVLTGc?oc=5&hl=en-US&gl=US&ceid=US:en,"{'href': 'https://www.msn.com', 'title': 'MSN'}",MSN,DOGEUSDT
